{
  "nx": 121,
  "ny": 121,
  "xmax": 20,
  "zmax": 20,
  "dt": 5e-4,
  "hb": 63.5077993,
  "m3": 3.016029322,
  "m4": 4.002603254,
  "dx":
}